"Kwanzaa Principles Short-Sleeve Unisex T-Shirt","17.00"
"ALL DOG","62.74"
"African Christmas Ornaments - 4 PC Kente Ornaments - Handmade Ornaments for Kwanzaa","39.00"
"Turkish rug, Area Rug, Vintage rug, pink rug, Handknotted rug, oushak Rug, Anatolian rug, Decor rug, Tribal Rug, 4'8'' feet x 6'9'' feet","300.00"
"Turkish Rug, 2.6x8.9 ft, Vintage Rug, Living Room Rug, Oushak Rug, Muted Rug, Floral Rug, Runner Rug, Bohemian Rug, Hallway Rug, Red Rug
                
                        
    FREE shipping","119.70399.00"
"Know Thy Self - Adinkra Cards","30.59"
"Kwanzaa Candles","15.00"
"Kwanzaa Kinara Celebration Set","67.95"
"Nguzo Saba - Kwanzaa 7 Principles Card Set with Stand","25.00"
"Kwanzaa Kinara Colors of Africa Celebration Set","65.49"
"Wooden Kwanzaa Kinara, Optional Kwanzaa Candles and Storage Case","53.00"
"Full Size Kwanzaa Kinara","21.50"
"Kwanzaa Party Favors (15 Pack), Happy Kwanzaa Buttons, Joyous Kwanzaa Pins, 1"" or 1.5"" or 2.25"" Pin Back Buttons Magnets Holiday Celebration","10.50"
"Reversible Kwanzaa Mat, Personalized Kwanzaa Mini Mat, Customized Small Mkeka Mat,Personalized Small Mat, Kente Print Mat","15.50"
"Sheer Ribbon Floral Print Shoelaces for Sneakers","8.99"
"Periodt Tshirt","17.2523.00"
"Haiti Citadelle Fortress Puzzle","30.00"
"Texas Made Bluebonnet Trail Hand Poured Soy Wax Candles, All Natural, Clean Burning. Handmade, Vegan & Organic Aromatherapy. Mother's Day","11.99"
"ethnic pillow , bohemian pillow , organic kilim pillow , throw pillow , floor pillow , 16 x 24 nomadic pillow , turkish kilim pillow , 1757","10.0020.00"
"2, 3, 4, 6, 12, 24, 48 Unicorn Horn Candle, Twist Taper, Pure Beeswax, 7-7.5"", Unity Candles, Advent, Hanukkah, Kwanzaa, Diwali, Eid,","3.193.99"
"Kwanzaa Holiday Bow, Black History Bow,  Kente Lantern Bow, African Print Gift Bow, Juneteenth Party Decoration, African Pride, Black Love","14.00"
"Lift Every Voice: Black National Anthem Lyrics Art Print","25.00"
"1.06 CT I3 Clarity Round Shape With Beautiful Yellow Fully Polished Glaring Faceted Pointed Brilliant Cut Natural Salt and Pepper Diamond","1,081.00"
"Black Privilege ID Card - Buy 2 get 1 FREE - Free Shipping #BlackPrivilege #Black #Privilege","4.99"
